RMSE,Correlation,Artifact_F1,Artifact_Recall,Mean_Event_IoU,Mean_Abs_OnsetError_s,Mean_Abs_OffsetError_s
0.1799695449855635,0.9951256943696966,0.46064139891443195,0.47023809523529625,0.6729515051473083,2.7584415584348685,2.275324675319157
