InputSignal,RMSE,Correlation
Pressure_Preclean,0.4817000803917366,0.9661842133723205
Pressure_Clean,0.4541325356861013,0.9698272068144602
