Method,MethodLabel,Model,N,TN,FP,FN,TP,ACC,Balanced_ACC,SEN,SPE,F1,PPV,NPV
event_guided,Event-guided,RandomForest,15,4,3,4,4,0.5333333333333333,0.5357142857142857,0.5,0.5714285714285714,0.5333333333333333,0.5714285714285714,0.5
fixed,Fixed-window,RandomForest,15,3,4,3,5,0.5333333333333333,0.5267857142857143,0.625,0.42857142857142855,0.5882352941176471,0.5555555555555556,0.5
