Model,Comparison,AUC_1,AUC_2,AUC_diff_1_minus_2,z,p
RandomForest,event_guided_minus_fixed,0.6071428571428571,0.5535714285714285,0.0535714285714286,0.4833443443895868,0.6288512587265491
