Model,Comparison,AUC_1,AUC_2,AUC_diff_1_minus_2,z,p
RandomForest,event_guided_minus_fixed,0.6428571428571429,0.5714285714285713,0.07142857142857162,0.5925345379666804,0.5534927000175023
